{"cameraMode":{"drawMode":0,"name":"Shaded","section":"Shading Mode"},"sceneLighting":true,"audioPlay":false,"sceneViewState":{"m_AlwaysRefresh":false,"showFog":true,"showSkybox":true,"showFlares":true,"showImageEffects":true,"showParticleSystems":true,"showVisualEffectGraphs":true,"m_FxEnabled":true},"in2DMode":false,"pivot":{"x":36.57436752319336,"y":20.634937286376954,"z":-69.87377166748047},"rotation":{"x":0.24656832218170167,"y":0.4019363522529602,"z":-0.11331700533628464,"w":0.8745616674423218},"size":17.113733291625978,"orthographic":true}